{
	"credit": "Made by BlockyRick",
	"textures": {
		"0": "penguim:blocks/smithing_table/hammer",
		"1": "penguim:blocks/smithing_table/smithing_table_bottom",
		"3": "penguim:blocks/smithing_table/smithing_table_side",
		"4": "penguim:blocks/smithing_table/smithing_table_side_1",
		"5": "penguim:blocks/smithing_table/smithing_table_side_2",
		"6": "penguim:blocks/smithing_table/smithing_table_top",
		"particle": "penguim:blocks/smithing_table/smithing_table_top"
	},
	"elements": [
		{
			"from": [0, 0, 0],
			"to": [16, 16, 16],
			"rotation": {"angle": 0, "axis": "y", "origin": [8, 8, 8]},
			"faces": {
				"north": {"uv": [0, 0, 16, 16], "texture": "#5"},
				"east": {"uv": [0, 0, 16, 16], "texture": "#3"},
				"south": {"uv": [0, 0, 16, 16], "texture": "#3"},
				"west": {"uv": [0, 0, 16, 16], "texture": "#4"},
				"up": {"uv": [0, 0, 16, 16], "texture": "#6"},
				"down": {"uv": [0, 0, 16, 16], "texture": "#1"}
			}
		},
		{
			"from": [4.5, 17, 5.5],
			"to": [5.5, 18, 13.5],
			"rotation": {"angle": 22.5, "axis": "y", "origin": [5, 17.5, 7.25]},
			"faces": {
				"north": {"uv": [2, 0, 3, 1], "texture": "#0"},
				"east": {"uv": [2, 8, 3, 0], "rotation": 90, "texture": "#0"},
				"south": {"uv": [2, 0, 3, 1], "texture": "#0"},
				"west": {"uv": [2, 0, 3, 8], "rotation": 90, "texture": "#0"},
				"up": {"uv": [2, 0, 3, 8], "rotation": 180, "texture": "#0"},
				"down": {"uv": [2, 0, 3, 8], "rotation": 180, "texture": "#0"}
			}
		},
		{
			"from": [2.5, 16, 9.5],
			"to": [7.5, 19, 12.5],
			"rotation": {"angle": 22.5, "axis": "y", "origin": [5, 17.5, 7.25]},
			"faces": {
				"north": {"uv": [0, 1, 5, 4], "texture": "#0"},
				"east": {"uv": [0, 1, 3, 4], "texture": "#0"},
				"south": {"uv": [0, 1, 5, 4], "texture": "#0"},
				"west": {"uv": [0, 1, 3, 4], "texture": "#0"},
				"up": {"uv": [0, 1, 5, 4], "texture": "#0"},
				"down": {"uv": [0, 1, 5, 4], "texture": "#0"}
			}
		}
	],
	"display": {
		"thirdperson_righthand": {
			"rotation": [75, 45, 0],
			"translation": [0, 2.5, 0],
			"scale": [0.375, 0.375, 0.375]
		},
		"thirdperson_lefthand": {
			"rotation": [75, 45, 0],
			"translation": [0, 2.5, 0],
			"scale": [0.375, 0.375, 0.375]
		},
		"firstperson_righthand": {
			"rotation": [0, 45, 0],
			"scale": [0.4, 0.4, 0.4]
		},
		"firstperson_lefthand": {
			"rotation": [0, 225, 0],
			"scale": [0.4, 0.4, 0.4]
		},
		"ground": {
			"translation": [0, 3, 0],
			"scale": [0.25, 0.25, 0.25]
		},
		"gui": {
			"rotation": [30, 225, 0],
			"scale": [0.625, 0.625, 0.625]
		},
		"fixed": {
			"scale": [0.5, 0.5, 0.5]
		}
	},
	"groups": [
		{
			"name": "smithing_table",
			"origin": [8, 8, 8],
			"color": 0,
			"children": [0]
		},
		{
			"name": "hammer",
			"origin": [0, 0, 0],
			"color": 0,
			"children": [1, 2]
		}
	]
}