{
	"dependencies": "contenttweaker",
	"populate": {
		"caveroot": {
			"enabled": "true",
			"distribution": "uniform",
			"generator": {
				"block": [
					{
						"name": "contenttweaker:cave_root_block",
						"weight": 80
					},
					{
						"name": "contenttweaker:glowing_cave_root",
						"weight": 20
					}
				],
				"material": "minecraft:wood",
				"cluster-size": 8
			},
			"cluster-count": 10,
			"min-height": 5,
			"max-height": 60,
			"retrogen": "true",
			"biome": "all",
			"dimension": {
				"restriction": "blacklist",
				"value": [
					-1,
					1
				]
			}
		}
	}
}
