[
    {
        "resourceName": "washing",
        "model": "requious:assembly_laser",
        "placeType": "Any",
        "hasGUI": true,
        "colorA": {
            "r": 255,
            "g": 255,
            "b": 255,
            "a": 255
        },
        "colorB": {
            "r": 255,
            "g": 255,
            "b": 255,
            "a": 255
    }
    },
    {
        "resourceName": "drying",
        "model": "requious:assembly_laser",
        "placeType": "Any",
        "hasGUI": true,
        "colorA": {
            "r": 255,
            "g": 255,
            "b": 255,
            "a": 255
        },
        "colorB": {
            "r": 255,
            "g": 255,
            "b": 255,
            "a": 255
    }
    },
    {
        "resourceName": "smithing_table",
        "model": "penguim:smithing_table",
        "placeType": "Horizontal",
        "hasGUI": true,
        "colors": [
            {
                "r": 255,
                "g": 255,
                "b": 255,
                "a": 255
            }
        ],
        "hardness": 5.0,
        "blastResistance": 5.0,
        "aabb": {
            "x1": 0.0,
            "y1": 0.0,
            "z1": 0.0,
            "x2": 1.0,
            "y2": 1.0,
            "z2": 1.0
    }
    },
    {
        "resourceName": "fletching_table",
        "model": "penguim:fletching_table",
        "placeType": "Horizontal",
        "hasGUI": true,
        "colors": [
            {
                "r": 255,
                "g": 255,
                "b": 255,
                "a": 255
            }
        ],
        "hardness": 5.0,
        "blastResistance": 5.0,
        "aabb": {
            "x1": 0.0,
            "y1": 0.0,
            "z1": 0.0,
            "x2": 1.0,
            "y2": 1.0,
            "z2": 1.0
    }
    },
    {
        "resourceName": "diaric_generator",
        "model": "requious:assembly_laser",
        "placeType": "Horizontal",
        "hasGUI": true,
        "colors": [
            {
                "r": 255,
                "g": 255,
                "b": 255,
                "a": 255
            }
        ],
        "hardness": 5.0,
        "blastResistance": 5.0,
        "aabb": {
            "x1": 0.0,
            "y1": 0.0,
            "z1": 0.0,
            "x2": 1.0,
            "y2": 1.0,
            "z2": 1.0
    }
    }
]