{
  "forge_marker": 1,
  "defaults": {
    "model": "penguim:smithing_table",
    "textures": {
      "0": "penguim:blocks/smithing_table/hammer",
      "1": "penguim:blocks/smithing_table/smithing_table_bottom",
      "3": "penguim:blocks/smithing_table/smithing_table_side",
      "4": "penguim:blocks/smithing_table/smithing_table_side_1",
      "5": "penguim:blocks/smithing_table/smithing_table_side_2",
      "6": "penguim:blocks/smithing_table/smithing_table_top"
    },
    "transform": "forge:default-block"
  },
  "variants":{
    "normal":[{}],
    "inventory":[{}],
    "facing": {
		    "down":  { },
        "up":    { },
        "north": { },
        "south": { "y": 180 },
        "west":  { "y": 270 },
        "east":  { "y": 90 }
    },
    "active": {
      "true": { },
      "false": { }
    }
  }
}