{
	"displayName": {
    "en_us": "Fishing Case"
	},
  "color": "#327da8",
  "contents": [
    {
      "action": "single",
      "type": "minecraft:gold_nugget",
      "meta": 0,
      "amount": 1,
      "rarity": 0
    },
    {
      "action": "single",
      "type": "minecraft:fish",
      "meta": 0,
      "amount": 1,
      "rarity": 0
    },
    {
      "action": "single",
      "type": "minecraft:fish",
      "meta": 1,
      "amount": 1,
      "rarity": 0
    },
    {
      "action": "single",
      "type": "minecraft:fish",
      "meta": 2,
      "amount": 1,
      "rarity": 0
    },
    {
      "action": "single",
      "type": "minecraft:fish",
      "meta": 3,
      "amount": 1,
      "rarity": 0
    },
    {
      "action": "single",
      "type": "aquaculture:fish",
      "meta": 6,
      "amount": 1,
      "rarity": 0
    },
    {
      "action": "single",
      "type": "aquaculture:fish",
      "meta": 12,
      "amount": 1,
      "rarity": 0
    },
    {
      "action": "single",
      "type": "aquaculture:fish",
      "meta": 13,
      "amount": 1,
      "rarity": 0
    },
    {
      "action": "single",
      "type": "aquaculture:fish",
      "meta": 14,
      "amount": 1,
      "rarity": 0
    },
    {
      "action": "single",
      "type": "aquaculture:fish",
      "meta": 15,
      "amount": 1,
      "rarity": 0
    },
    {
      "action": "single",
      "type": "aquaculture:fish",
      "meta": 22,
      "amount": 1,
      "rarity": 0
    },
    {
      "action": "single",
      "type": "aquaculture:fish",
      "meta": 37,
      "amount": 1,
      "rarity": 0
    },
    {
      "action": "single",
      "type": "aquaculture:loot",
      "meta": 0,
      "amount": 1,
      "rarity": 0
    },
    {
      "action": "single",
      "type": "aquaculture:loot",
      "meta": 2,
      "amount": 1,
      "rarity": 0
    },
    {
      "action": "single",
      "type": "aquaculture:loot",
      "meta": 3,
      "amount": 1,
      "rarity": 1
    },
    {
      "action": "single",
      "type": "aquaculture:loot",
      "meta": 4,
      "amount": 1,
      "rarity": 1
    },
    {
      "action": "single",
      "type": "aquaculture:loot",
      "meta": 5,
      "amount": 1,
      "rarity": 1
    },
    {
      "action": "single",
      "type": "aquaculture:loot",
      "meta": 6,
      "amount": 1,
      "rarity": 1
    },
    {
      "action": "single",
      "type": "contenttweaker:chainsaw_fish",
      "meta": 0,
      "amount": 1,
      "rarity": 2
    },
    {
      "action": "single",
      "type": "contenttweaker:shark_pickaxe",
      "meta": 0,
      "amount": 1,
      "rarity": 2
    },
    {
      "action": "single",
      "type": "contenttweaker:bubble_fish",
      "meta": 0,
      "amount": 1,
      "rarity": 0
    },
	{
      "action": "single",
      "type": "aquaculture:loot",
      "meta": 1,
      "amount": 1,
      "rarity": 2
    }
  ]
}