{
  "rules": [
    {
      "match": {
        "blocks": {
          "blocks": [
            "contenttweaker:cave_root_block"
          ]
        }
      },
      "replaceStrategy": "REPLACE_ALL_IF_SELECTED",
      "drops": [
        {
          "selector": {
            "silktouch": "REQUIRED"
          },
          "item": {
            "items": [
              "contenttweaker:cave_root_block"
            ]
          }
        },
        {
          "selector": {
            "silktouch": "EXCLUDED"
          },
          "item": {
            "items": [
              "contenttweaker:cave_root_stick"
            ],
            "quantity": {
              "min": 1,
              "max": 2
            }
          }
        }
      ]
    },
    {
      "match": {
        "blocks": {
          "blocks": [
            "contenttweaker:glowing_cave_root"
          ]
        }
      },
      "replaceStrategy": "REPLACE_ALL_IF_SELECTED",
      "drops": [
        {
          "selector": {
            "silktouch": "REQUIRED"
          },
          "item": {
            "items": [
              "contenttweaker:glowing_cave_root"
            ]
          }
        },
        {
          "selector": {
            "silktouch": "EXCLUDED"
          },
          "item": {
            "items": [
              "minecraft:glowstone_dust",
              "contenttweaker:cave_root_stick"
            ],
            "quantity": {
              "min": 1,
              "max": 2
            }
          }
        }
      ]
    }
  ]
}