{
    "rules": [
      {
        "match": {
          "blocks": {
            "blocks": [
              "minecraft:tallgrass:*",
              "pvj:short_grass:*"
            ]
          },
          "harvester": {
            "type": "PLAYER",
            "heldItemMainHand": {
              "type": "WHITELIST",
              "items": [
                "mysticalworld:amethyst_knife",
                "mysticalworld:copper_knife",
                "mysticalworld:silver_knife",
                "notreepunching:knife/flint"
              ]
            }
          }
        },
        "replaceStrategy": "ADD",
        "drops": [
          {
            "selector": {
              "weight": {
                "value": 80
              }
            }
          },
          {
            "selector": {
              "weight": {
                "value": 20
              }
            },
                "item": {
                  "items" : [
                    "notreepunching:grass_fiber"
                  ]
                }
          }
        ]
      }
    ]
  }