{
  "rules": [
    {
      "match": {
        "blocks": {
          "blocks": [
            "defiledlands:umbrium_ore"
          ]
        }
      },
      "replaceStrategy": "REPLACE_ALL_IF_SELECTED",
      "drops": [
        {
          "selector": {
            "silktouch": "REQUIRED"
          },
          "item": {
            "items": [
              "defiledlands:umbrium_ore"
            ]
          }
        },
        {
          "selector": {
            "silktouch": "EXCLUDED"
          },
          "item": {
            "items": [
              "termat:shadow_scrap"
            ],
            "quantity": {
              "min": 1,
              "max": 2
            }
          }
        },
        {
          "selector": {
            "weight": {
              "value": 10
            },
            "fortuneLevelRequired": 1
          },
          "item": {
            "items": [
              "termat:shadow_scrap"
            ],
            "quantity": {
              "min": 1,
              "max": 3
            }
          }
        },
        {
          "selector": {
            "weight": {
              "value": 100
            },
            "fortuneLevelRequired": 2
          },
          "item": {
            "items": [
              "termat:shadow_scrap"
            ],
            "quantity": {
              "min": 1,
              "max": 4
            }
          }
        },
        {
          "selector": {
            "weight": {
              "value": 1000
            },
            "fortuneLevelRequired": 3
          },
          "item": {
            "items": [
              "termat:shadow_scrap"
            ],
            "quantity": {
              "min": 1,
              "max": 4
            }
          }
        }
      ]
    },
    {
      "match": {
        "blocks": {
          "blocks": [
            "contenttweaker:mimichite_ore"
          ]
        }
      },
      "replaceStrategy": "REPLACE_ALL_IF_SELECTED",
      "drops": [
        {
          "selector": {
            "silktouch": "REQUIRED"
          },
          "item": {
            "items": [
              "contenttweaker:mimichite_ore"
            ]
          }
        },
        {
          "selector": {
            "silktouch": "EXCLUDED"
          },
          "item": {
            "items": [
              "contenttweaker:mimichite"
            ],
            "quantity": {
              "min": 1,
              "max": 3
            }
          }
        },
        {
          "selector": {
            "weight": {
              "value": 10
            },
            "fortuneLevelRequired": 1
          },
          "item": {
            "items": [
              "contenttweaker:mimichite"
            ],
            "quantity": {
              "min": 1,
              "max": 5
            }
          }
        },
        {
          "selector": {
            "weight": {
              "value": 100
            },
            "fortuneLevelRequired": 2
          },
          "item": {
            "items": [
              "contenttweaker:mimichite"
            ],
            "quantity": {
              "min": 2,
              "max": 5
            }
          }
        },
        {
          "selector": {
            "weight": {
              "value": 1000
            },
            "fortuneLevelRequired": 3
          },
          "item": {
            "items": [
              "contenttweaker:mimichite"
            ],
            "quantity": {
              "min": 3,
              "max": 8
            }
          }
        }
      ]
    },
    {
      "match": {
        "blocks": {
          "blocks": [
            "termat:cobalt_ore"
          ]
        }
      },
      "replaceStrategy": "REPLACE_ALL_IF_SELECTED",
      "drops": [
        {
          "selector": {
            "silktouch": "REQUIRED"
          },
          "item": {
            "items": [
              "termat:cobalt_ore"
            ]
          }
        },
        {
          "selector": {
            "silktouch": "EXCLUDED"
          },
          "item": {
            "items": [
              "contenttweaker:raw_cobalt"
            ],
            "quantity": {
              "min": 1,
              "max": 2
            }
          }
        },
        {
          "selector": {
            "weight": {
              "value": 10
            },
            "fortuneLevelRequired": 1
          },
          "item": {
            "items": [
              "contenttweaker:raw_cobalt"
            ],
            "quantity": {
              "min": 1,
              "max": 3
            }
          }
        },
        {
          "selector": {
            "weight": {
              "value": 100
            },
            "fortuneLevelRequired": 2
          },
          "item": {
            "items": [
              "contenttweaker:raw_cobalt"
            ],
            "quantity": {
              "min": 1,
              "max": 4
            }
          }
        },
        {
          "selector": {
            "weight": {
              "value": 1000
            },
            "fortuneLevelRequired": 3
          },
          "item": {
            "items": [
              "contenttweaker:raw_cobalt"
            ],
            "quantity": {
              "min": 1,
              "max": 4
            }
          }
        }
      ]
    }
  ]
}