{
    "rules": [
      {
        "match": {
          "blocks": {
            "blocks": [
              "pvj:stone_rocks:*",
              "pvj:cobblestone_rocks:*",
              "pvj:mossy_cobblestone_rocks:*"
            ]
          }
        },
        "drops": [
          {
            "item": {
              "items" : [
                "notreepunching:rock/stone"
              ]
            }
          }
        ]
      },
      {
        "match": {
          "blocks": {
            "blocks": [
              "pvj:andesite_rocks:*"
            ]
          }
        },
        "drops": [
          {
            "item": {
              "items" : [
                "notreepunching:rock/andesite"
              ]
            }
          }
        ]
      },
      {
        "match": {
          "blocks": {
            "blocks": [
              "pvj:granite_rocks:*"
            ]
          }
        },
        "drops": [
          {
            "item": {
              "items" : [
                "notreepunching:rock/granite"
              ]
            }
          }
        ]
      },
      {
        "match": {
          "blocks": {
            "blocks": [
              "pvj:diorite_rocks:*"
            ]
          }
        },
        "drops": [
          {
            "item": {
              "items" : [
                "notreepunching:rock/diorite"
              ]
            }
          }
        ]
      },
      {
        "match": {
          "blocks": {
            "blocks": [
              "pvj:sandstone_rocks:*"
            ]
          }
        },
        "drops": [
          {
            "item": {
              "items" : [
                "notreepunching:rock/sandstone"
              ]
            }
          }
        ]
      },
      {
        "match": {
          "blocks": {
            "blocks": [
              "pvj:red_sandstone_rocks:*"
            ]
          }
        },
        "drops": [
          {
            "item": {
              "items" : [
                "notreepunching:rock/red_sandstone"
              ]
            }
          }
        ]
      }
    ]
  }