{
    "rules": [
      {
        "match": {
          "blocks": {
            "blocks": [
              "minecraft:tallgrass:*",
              "pvj:short_grass:*",
              "minecraft:double_plant:2",
              "minecraft:double_plant:10"
            ]
          }
        },
        "drops": [
          {
            "selector": {
              "weight": {
                "value": 75
              }
            }
          },
          {
            "selector": {
              "weight": {
                "value": 25
              }
            },
            "item": {
              "items" : [
                "pizzacraft:seed_pineapple",
                "pizzacraft:seed_tomato",
                "pizzacraft:seed_onion",
                "pizzacraft:seed_pepper",
                "pizzacraft:seed_broccoli",
                "pizzacraft:seed_corn",
                "rustic:chili_pepper_seeds",
                "rootsclassic:oldroot",
                "minecraft:wheat_seeds",
                "mysticalworld:aubergine_seed",
                "inspirations:carrot_seeds",
                "inspirations:potato_seeds",
                "pickles:pickle_seeds"
              ]
            }
          }
        ]
      }
    ]
  }