{
  "forge_marker": 1,
  "defaults": {
    "model": "penguim:fletching_table",
    "textures": {
      "0": "penguim:blocks/fletching_table/fletching_table_front",
      "1": "penguim:blocks/fletching_table/fletching_table_side",
      "2": "penguim:blocks/fletching_table/fletching_table_top",
      "3": "penguim:blocks/fletching_table/birch_planks"
    },
    "transform": "forge:default-block"
  },
  "variants":{
    "normal":[{}],
    "inventory":[{}],
    "facing": {
		    "down":  { },
        "up":    { },
        "north": { },
        "south": { "y": 180 },
        "west":  { "y": 270 },
        "east":  { "y": 90 }
    },
    "active": {
      "true": { },
      "false": { }
    }
  }
}