{
    "Profession": "vtt:brewer",
    "Career": "brewer",
    "Offers": {
        "Recipes": [
            {
                "action": "add",
                "buy": {
                    "id": "minecraft:sugar",
                    "Count": {
                        "min": 18,
                        "max": 22
                    }
                },
                "sell": {
                    "id": "minecraft:emerald",
                    "Count": 1
                },
                "CareerLevel": 1
            },
            {
                "action": "add",
                "buy": {
                    "id": "minecraft:brown_mushroom",
                    "Count": {
                        "min": 15,
                        "max": 19
                    }
                },
                "sell": {
                    "id": "minecraft:emerald",
                    "Count": 1
                },
                "CareerLevel": 1
            },
            {
                "action": "add",
                "buyB": {
                    "id": "minecraft:emerald",
                    "Count": 1
                },
                "buy": {
                    "id": "minecraft:carrot",
                    "Count": 1
                },
                "sell": {
                    "id": "minecraft:golden_carrot",
                    "Count": 1
                },
                "CareerLevel": 1
            },
            {
                "action": "add",
                "buyB": {
                    "id": "minecraft:emerald",
                    "Count": 1
                },
                "buy": {
                    "id": "minecraft:melon",
                    "Count": 1
                },
                "sell": {
                    "id": "minecraft:speckled_melon",
                    "Count": 1
                },
                "CareerLevel": 1
            },
            {
                "action": "add",
                "buy": {
                    "id": "minecraft:emerald",
                    "Count": {
                        "min": 3,
                        "max": 5
                    }
                },
                "sell": {
                    "id": "minecraft:fish",
                    "Count": 1,
                    "Damage": 3
                },
                "CareerLevel": 1
            },
            {
                "action": "add",
                "buy": {
                    "id": "minecraft:emerald",
                    "Count": {
                        "min": 3,
                        "max": 5
                    }
                },
                "sell": {
                    "id": "minecraft:rabbit_foot",
                    "Count": 1
                },
                "CareerLevel": 1
            },
            {
                "action": "add",
                "buy": {
                    "id": "minecraft:gunpowder",
                    "Count": {
                        "min": 18,
                        "max": 22
                    }
                },
                "sell": {
                    "id": "minecraft:emerald",
                    "Count": 1
                },
                "CareerLevel": 2
            },
            {
                "action": "add",
                "buy": {
                    "id": "minecraft:spider_eye",
                    "Count": {
                        "min": 12,
                        "max": 16
                    }
                },
                "sell": {
                    "id": "minecraft:emerald",
                    "Count": 1
                },
                "CareerLevel": 2
            },
            {
                "action": "add",
                "buy": {
                    "id": "minecraft:emerald",
                    "Count": {
                        "min": 3,
                        "max": 5
                    }
                },
                "sell": {
                    "id": "minecraft:magma_cream",
                    "Count": 1
                },
                "CareerLevel": 2
            },
            {
                "action": "add",
                "buy": {
                    "id": "minecraft:emerald",
                    "Count": {
                        "min": 6,
                        "max": 8
                    }
                },
                "sell": {
                    "id": "minecraft:ghast_tear",
                    "Count": 1
                },
                "CareerLevel": 2
            },
            {
                "action": "add",
                "buy": {
                    "id": "minecraft:emerald",
                    "Count": {
                        "min": 4,
                        "max": 6
                    }
                },
                "sell": {
                    "id": "minecraft:fermented_spider_eye",
                    "Count": {
                        "min": 2,
                        "max": 3
                    }
                },
                "CareerLevel": 2
            },
            {
                "action": "add",
                "buy": {
                    "id": "minecraft:emerald",
                    "Count": {
                        "min": 3,
                        "max": 5
                    }
                },
                "sell": {
                    "id": "minecraft:potion",
                    "Count": 1,
                    "tag": {
                        "Potion": "random"
                    }
                },
                "CareerLevel": 3
            },
            {
                "action": "add",
                "buy": {
                    "id": "minecraft:emerald",
                    "Count": {
                        "min": 3,
                        "max": 5
                    }
                },
                "sell": {
                    "id": "minecraft:tipped_arrow",
                    "Count": {
                        "min": 8,
                        "max": 16
                    },
                    "tag": {
                        "Potion": "random"
                    }
                },
                "CareerLevel": 3
            }
        ]
    }
}