{
    "Profession": "primitivemobs:merchant",
    "Career": "primitivemobs.traveling_merchant",
    "Offers": {
        "Recipes": [
            {
                "action": "add",
                "buy": {
                    "id": "minecraft:emerald",
                    "Count": {
                        "min": 9,
                        "max": 12
                    }
                },
                "sell": {
                    "id": "livingchest:eye_bone",
                    "Count": 1
                },
                "CareerLevel": 2
            }
        ]
    }
}