{
	"credit": "Made with Blockbench",
	"textures": {
		"0": "penguim:blocks/fletching_table/fletching_table_front",
		"1": "penguim:blocks/fletching_table/fletching_table_side",
		"2": "penguim:blocks/fletching_table/fletching_table_top",
		"3": "penguim:blocks/fletching_table/birch_planks",
		"particle": "penguim:blocks/fletching_table/fletching_table_front"
	},
	"elements": [
		{
			"from": [0, 0, 0],
			"to": [16, 16, 16],
			"faces": {
				"north": {"uv": [0, 0, 16, 16], "texture": "#0"},
				"east": {"uv": [0, 0, 16, 16], "texture": "#1"},
				"south": {"uv": [0, 0, 16, 16], "texture": "#1"},
				"west": {"uv": [0, 0, 16, 16], "texture": "#1"},
				"up": {"uv": [0, 0, 16, 16], "texture": "#2"},
				"down": {"uv": [0, 0, 16, 16], "texture": "#3"}
			}
		}
	]
}